{
	"publisher_id": 0,
	"publisher_package_id": 3508,
	"title": "Wooglie API",
	"description": "The Wooglie API allows developers to publish their game on an established and growing game portal quicker then ever before. Wooglie is <strong>the</strong> Unity game platform for developers and gamers.<br>\n<br>\nUsing the Wooglie API you can publish your game online within minutes and start <strong>monetizing</strong> your game.<br>\n<br>\nFeatures:<br>\n- <strong>One click uploading</strong> of your game to Wooglie<br>\n- Integrated <strong>anti-piracy</strong> protection for your game<br>\n- Future updates will include free <strong>Highscore and Achievements</strong> integration.<br><br>\nMore information: <a href=\"http://www.wooglie.com/gamedevelopers.php?subPage=apiHelp\" target=\"_blank\">Wooglie API documentation</a>.\n",
	"changes": "1.006 3 Feb 2011\nMore error cheking against 0mb file uploads.\n\n1.005 26 December 2011\nMinor bugfix for uploading while having an Untitled scene open.\n\n1.004 03 November 2011\nAnti-piracy fixes. It's recommended to resubmit your game with this new version of the API.\n\n1.003: 02 October 2011\nFixed correct links to webpage (register etc.). Fixed PRO upload error\n\n1.002: 23 September 2011\nMinor fixes (tags, max width now 925, featured image is 600x280, fixed some error messages)\n\n1.001:  20 september 2011\nInitial release, preparing for the upcoming website relaunch (Unite 2011).",
	"version_name": "1.006",
	"category": 112,
	"recommended_features": [],
	"required_features": []
}
